airfoil,reynolds,series,x,y
2412,3000000,alpha_cl,20.437,1.13378
2412,3000000,alpha_cl,18.2468,1.20896
2412,3000000,alpha_cl,16.3122,1.50956
2412,3000000,alpha_cl,15.7967,1.56509
2412,3000000,alpha_cl,15.2815,1.59448
2412,3000000,alpha_cl,14.22,1.52753
2412,3000000,alpha_cl,12.0644,1.39849
2412,3000000,alpha_cl,10.0049,1.24328
2412,3000000,alpha_cl,7.97697,1.04388
2412,3000000,alpha_cl,5.85167,0.855855
2412,3000000,alpha_cl,3.75774,0.648128
2412,3000000,alpha_cl,1.66304,0.456683
2412,3000000,alpha_cl,-0.174796,0.245518
2412,3000000,alpha_cl,-2.30335,0.0473698
2412,3000000,alpha_cl,-4.2074,-0.180351
2412,3000000,alpha_cl,-6.43433,-0.375387
2412,3000000,alpha_cl,-8.43687,-0.604937
2412,3000000,alpha_cm,7.94628,-0.04058675
2412,3000000,alpha_cm,3.69095,-0.03607875
2412,3000000,alpha_cm,1.65992,-0.041813
2412,3000000,alpha_cm,-0.274352,-0.0426315
2412,3000000,alpha_cm,-2.43431,-0.04426925
2412,3000000,alpha_cm,-4.33635,-0.04508775
2412,3000000,alpha_cm,-6.39969,-0.0479545
2412,3000000,cl_cd,1.52106,0.0232416
2412,3000000,cl_cd,1.39142,0.0172858
2412,3000000,cl_cd,1.24642,0.0135983
2412,3000000,cl_cd,1.04464,0.0112662
2412,3000000,cl_cd,0.857205,0.00911405
2412,3000000,cl_cd,0.634434,0.00663227
2412,3000000,cl_cd,0.427166,0.00633102
2412,3000000,cl_cd,0.22468,0.0063742
2412,3000000,cl_cd,0.018921,0.00700727
2412,3000000,cl_cd,0.015778,0.00661386
2412,3000000,cl_cd,-0.199563,0.00734482
2412,3000000,cl_cd,-0.405188,0.00809216
2412,3000000,cl_cd,-0.612425,0.00969057
2412,6000000,alpha_cl,20.4688,1.16974
2412,6000000,alpha_cl,18.3732,1.40829
2412,6000000,alpha_cl,17.6956,1.56182
2412,6000000,alpha_cl,17.2438,1.67939
2412,6000000,alpha_cl,15.5704,1.68592
2412,6000000,alpha_cl,15.249,1.63204
2412,6000000,alpha_cl,14.284,1.58631
2412,6000000,alpha_cl,12.0322,1.40339
2412,6000000,alpha_cl,10.0693,1.23511
2412,6000000,alpha_cl,8.04137,1.03734
2412,6000000,alpha_cl,6.01268,0.837866
2412,6000000,alpha_cl,3.85435,0.638312
2412,6000000,alpha_cl,1.59848,0.432133
2412,6000000,alpha_cl,-0.271638,0.220958
2412,6000000,alpha_cl,-2.36812,0.0129721
2412,6000000,alpha_cl,-4.43296,-0.170519
2412,6000000,alpha_cl,-6.37024,-0.406535
2412,6000000,alpha_cl,-8.34034,-0.619698
2412,6000000,alpha_cl,-10.5371,-0.836232
2412,6000000,alpha_cl,-12.3471,-1.02331
2412,6000000,alpha_cl,-13.2511,-1.05614
2412,6000000,alpha_cl,-14.5746,-1.08568
2412,6000000,alpha_cl,-15.5737,-1.03479
2412,6000000,alpha_cl,-16.3776,-0.91498
2412,6000000,alpha_cl,-18.6017,-0.844414
2412,6000000,alpha_cm,10.0094,-0.0315755
2412,6000000,alpha_cm,8.01075,-0.03935775
2412,6000000,alpha_cm,5.78636,-0.0385375
2412,6000000,alpha_cm,3.8199,-0.0364885
2412,6000000,alpha_cm,1.65996,-0.03976475
2412,6000000,alpha_cm,-0.242114,-0.0426315
2412,6000000,alpha_cm,-2.4343,-0.0438595
2412,6000000,alpha_cm,-4.27175,-0.04222025
2412,6000000,alpha_cm,-6.36728,-0.04467725
2412,6000000,alpha_cm,-8.43053,-0.04590525
2412,6000000,cl_cd,1.56294,0.018437
2412,6000000,cl_cd,1.40036,0.014635
2412,6000000,cl_cd,1.23579,0.0116819
2412,6000000,cl_cd,1.04188,0.00972613
2412,6000000,cl_cd,0.843119,0.0077369
2412,6000000,cl_cd,0.614998,0.00722185
2412,6000000,cl_cd,0.404736,0.00601886
2412,6000000,cl_cd,0.187728,0.00635671
2412,6000000,cl_cd,-0.019533,0.00644891
2412,6000000,cl_cd,-0.22838,0.00675407
2412,6000000,cl_cd,-0.427569,0.00733794
2412,6000000,cl_cd,-0.629932,0.00826545
2412,6000000,cl_cd,-0.864345,0.00986272
2412,6000000,cl_cd,-1.03938,0.013342
2412,9000000,alpha_cl,20.468,1.2253
2412,9000000,alpha_cl,18.4362,1.52426
2412,9000000,alpha_cl,16.214,1.67939
2412,9000000,alpha_cl,14.1231,1.58468
2412,9000000,alpha_cl,12.0642,1.43279
2412,9000000,alpha_cl,10.1014,1.24164
2412,9000000,alpha_cl,8.00915,1.05859
2412,9000000,alpha_cl,5.85165,0.83296
2412,9000000,alpha_cl,3.88654,0.631768
2412,9000000,alpha_cl,-6.24171,-0.440964
2412,9000000,alpha_cl,-8.30843,-0.64266
2412,9000000,alpha_cm,9.945,-0.03772
2412,9000000,alpha_cm,8.01074,-0.0369
2412,9000000,alpha_cm,5.94755,-0.03607975
2412,9000000,alpha_cm,4.04553,-0.0389465
2412,9000000,alpha_cm,1.95008,-0.04058425
2412,9000000,alpha_cm,-0.113131,-0.04140275
2412,9000000,alpha_cm,-0.177617,-0.04181225
2412,9000000,alpha_cm,-2.30535,-0.04385975
2412,9000000,alpha_cm,-4.36854,-0.04385875
2412,9000000,alpha_cm,-6.33511,-0.04590625
2412,9000000,alpha_cm,-8.46276,-0.04590525
2412,9000000,cl_cd,1.57416,0.0185028
2412,9000000,cl_cd,1.42767,0.0146686
2412,9000000,cl_cd,1.24714,0.0113547
2412,9000000,cl_cd,1.05976,0.00908757
2412,9000000,cl_cd,0.827138,0.00739216
2412,9000000,cl_cd,0.615018,0.00713989
2412,9000000,cl_cd,0.403129,0.00601881
2412,9000000,cl_cd,0.186254,0.00568455
2412,9000000,cl_cd,-0.027468,0.0058914
2412,9000000,cl_cd,-0.233147,0.0064098
2412,9000000,cl_cd,-0.446802,0.00707524
2412,9000000,cl_cd,-0.655577,0.00792073
4412,3000000,alpha_cl,20.2295,1.26552
4412,3000000,alpha_cl,18.311,1.32971
4412,3000000,alpha_cl,16.1367,1.3972
4412,3000000,alpha_cl,15.1142,1.45971
4412,3000000,alpha_cl,14.0597,1.51892
4412,3000000,alpha_cl,13.324,1.53047
4412,3000000,alpha_cl,11.8173,1.43523
4412,3000000,alpha_cl,9.73394,1.32522
4412,3000000,alpha_cl,7.71304,1.16753
4412,3000000,alpha_cl,1.99818,0.607148
4412,3000000,alpha_cl,-2.33859,0.161599
4412,3000000,alpha_cl,-4.17082,-0.0472652
4412,3000000,alpha_cl,-8.28448,-0.456859
4412,3000000,alpha_cm,9.91367,-0.07240575
4412,3000000,alpha_cm,7.7031,-0.0806135
4412,3000000,alpha_cm,5.58832,-0.09005675
4412,3000000,alpha_cm,3.63412,-0.0945655
4412,3000000,alpha_cm,1.71264,-0.0924925
4412,3000000,alpha_cm,-0.369518,-0.0941205
4412,3000000,alpha_cm,-4.21317,-0.09244275
4412,3000000,cl_cd,1.4349,0.0207118
4412,3000000,cl_cd,1.31481,0.0163312
4412,3000000,cl_cd,1.16258,0.0125799
4412,3000000,cl_cd,1.02766,0.00859349
4412,3000000,cl_cd,0.82519,0.0069887
4412,3000000,cl_cd,0.601512,0.00698597
4412,3000000,cl_cd,0.406378,0.00685254
4412,3000000,cl_cd,0.185379,0.00724313
4412,3000000,cl_cd,-0.050302,0.00727322
4412,3000000,cl_cd,-0.265389,0.00786148
4412,3000000,cl_cd,-0.448506,0.00927119
4412,3000000,cl_cd,-0.67352,0.0114696
4412,6000000,alpha_cl,20.2633,1.33783
4412,6000000,alpha_cl,18.3465,1.46775
4412,6000000,alpha_cl,16.2697,1.59604
4412,6000000,alpha_cl,15.1189,1.64046
4412,6000000,alpha_cl,14.0624,1.6208
4412,6000000,alpha_cl,11.9161,1.5404
4412,6000000,alpha_cl,1.87001,0.603864
4412,6000000,alpha_cl,-2.33848,0.164889
4412,6000000,alpha_cl,-4.33087,-0.0439687
4412,6000000,alpha_cl,-6.09958,-0.259454
4412,6000000,alpha_cl,-8.38098,-0.468376
4412,6000000,alpha_cl,-10.0219,-0.675711
4412,6000000,alpha_cl,-12.493,-0.78922
4412,6000000,alpha_cl,-14.5096,-0.726605
4412,6000000,alpha_cl,-16.525,-0.632714
4412,6000000,alpha_cm,9.94484,-0.08022125
4412,6000000,alpha_cm,7.63873,-0.0834925
4412,6000000,alpha_cm,5.58885,-0.08553175
4412,6000000,alpha_cm,3.79513,-0.08716225
4412,6000000,alpha_cm,1.74512,-0.08879025
4412,6000000,alpha_cm,-0.272516,-0.0867165
4412,6000000,alpha_cm,-2.03525,-0.0949295
4412,6000000,alpha_cm,-4.27755,-0.09491075
4412,6000000,alpha_cm,-6.03959,-0.09613025
4412,6000000,alpha_cm,-6.39202,-0.09653875
4412,6000000,alpha_cm,-8.41038,-0.09734475
4412,6000000,cl_cd,1.53718,0.017371
4412,6000000,cl_cd,1.40114,0.0137048
4412,6000000,cl_cd,1.23768,0.0108818
4412,6000000,cl_cd,1.0373,0.0079887
4412,6000000,cl_cd,0.846012,0.00636718
4412,6000000,cl_cd,0.617567,0.00611838
4412,6000000,cl_cd,0.412818,0.00614817
4412,6000000,cl_cd,0.191813,0.00639086
4412,6000000,cl_cd,-0.03907,0.00650249
4412,6000000,cl_cd,-0.249347,0.00704122
4412,6000000,cl_cd,-0.463029,0.00808936
4412,6000000,cl_cd,-0.654324,0.00989386
4412,9000000,alpha_cl,20.2997,1.52023
4412,9000000,alpha_cl,18.351,1.65015
4412,9000000,alpha_cl,17.1029,1.64364
4412,9000000,alpha_cl,16.1753,1.65848
4412,9000000,alpha_cl,14.6719,1.67992
4412,9000000,alpha_cl,13.9678,1.67503
4412,9000000,alpha_cl,11.8847,1.56177
4412,9000000,alpha_cl,9.89637,1.41232
4412,9000000,alpha_cl,7.81101,1.23656
4412,9000000,alpha_cl,5.8522,1.01967
4412,9000000,alpha_cl,3.73362,0.825768
4412,9000000,alpha_cl,1.90222,0.610441
4412,9000000,alpha_cl,-0.185479,0.401665
4412,9000000,alpha_cl,-2.01817,0.166522
4412,9000000,alpha_cl,-4.17093,-0.0505557
4412,9000000,alpha_cl,-6.13199,-0.270971
4412,9000000,alpha_cl,-8.63744,-0.473305
4412,9000000,alpha_cm,9.7522,-0.08474425
4412,9000000,alpha_cm,7.76613,-0.08966375
4412,9000000,alpha_cm,5.74784,-0.09540575
4412,9000000,alpha_cm,3.76219,-0.09497775
4412,9000000,alpha_cm,1.68061,-0.09249225
4412,9000000,alpha_cm,-0.305557,-0.094944
4412,9000000,alpha_cm,-2.03495,-0.092461
4412,9000000,alpha_cm,-4.21327,-0.09326575
4412,9000000,alpha_cm,-6.03959,-0.09613025
4412,9000000,alpha_cm,-8.18591,-0.095701
4412,9000000,cl_cd,1.55661,0.0154643
4412,9000000,cl_cd,1.41723,0.012677
4412,9000000,cl_cd,1.24099,0.010098
4412,9000000,cl_cd,1.0357,0.00808678
4412,9000000,cl_cd,0.85077,0.00666178
4412,9000000,cl_cd,0.61758,0.00595463
4412,9000000,cl_cd,0.404825,0.00598421
4412,9000000,cl_cd,0.170988,0.00616106
4412,9000000,cl_cd,-0.040673,0.0061416
4412,9000000,cl_cd,-0.260595,0.00681133
4412,9000000,cl_cd,-0.472691,0.00776094
4412,9000000,cl_cd,-0.662435,0.00895793
0012,6000000,alpha_cl,-17.2794,-1.25323
0012,6000000,alpha_cl,-16.2296,-1.34704
0012,6000000,alpha_cl,-15.8616,-1.54416
0012,6000000,alpha_cl,-15.1713,-1.51805
0012,6000000,alpha_cl,-14.3133,-1.44038
0012,6000000,alpha_cl,-13.2811,-1.3712
0012,6000000,alpha_cl,-12.2535,-1.25912
0012,6000000,alpha_cl,-11.2222,-1.18135
0012,6000000,alpha_cl,-10.1947,-1.06927
0012,6000000,alpha_cl,-8.14138,-0.827958
0012,6000000,alpha_cl,-6.25579,-0.638207
0012,6000000,alpha_cl,-5.22822,-0.526128
0012,6000000,alpha_cl,-4.19972,-0.422627
0012,6000000,alpha_cl,-1.96944,-0.215533
0012,6000000,alpha_cl,0,0
0012,6000000,alpha_cl,0.940006,0.120611
0012,6000000,alpha_cl,1.96944,0.215533
0012,6000000,alpha_cl,2.99515,0.34477
0012,6000000,alpha_cl,3.85131,0.439599
0012,6000000,alpha_cl,4.87888,0.551678
0012,6000000,alpha_cl,5.90831,0.6466
0012,6000000,alpha_cl,7.96346,0.870758
0012,6000000,alpha_cl,10.1891,1.12074
0012,6000000,alpha_cl,11.0471,1.19842
0012,6000000,alpha_cl,13.1088,1.36252
0012,6000000,alpha_cl,16.3759,1.59591
0012,6000000,alpha_cl,16.5678,1.42443
0012,6000000,alpha_cl,17.2971,1.09024
0012,6000000,cl_cd,-1.25583,0.0127127
0012,6000000,cl_cd,-1.09305,0.00986522
0012,6000000,cl_cd,-0.860237,0.00856238
0012,6000000,cl_cd,-0.653233,0.00751899
0012,6000000,cl_cd,-0.549778,0.00691128
0012,6000000,cl_cd,-0.446183,0.00656162
0012,6000000,cl_cd,-0.342588,0.00621197
0012,6000000,cl_cd,-0.230298,0.00594787
0012,6000000,cl_cd,-0.100665,0.00576885
0012,6000000,cl_cd,0.0205051,0.00593438
0012,6000000,cl_cd,0.115637,0.00592927
0012,6000000,cl_cd,0.262707,0.00600738
0012,6000000,cl_cd,0.461945,0.00659882
0012,6000000,cl_cd,0.557543,0.0074539
0012,6000000,cl_cd,0.661509,0.00779239
0012,6000000,cl_cd,0.878463,0.00915707
0012,6000000,cl_cd,1.07854,0.0112969
0012,6000000,cl_cd,1.26127,0.0133515
